{
  "fps": 30,
  "steps": 240,
  "c_radius": 0.82,
  "c_theta_start": 3.14159,
  "c_theta_end": 9.42478,
  "zoom_start": 1.5,
  "zoom_end": 1.5,
  "max_iter": 256,
  "escape_radius": 128.0,
  "cycle_len": 24.0,
  "palette": [
    [0.0,  [0,   0,   0]],
    [0.12, [15,   0,  60]],
    [0.28, [80,   0, 160]],
    [0.45, [180,  40, 255]],
    [0.62, [255, 120, 255]],
    [0.78, [255, 220, 255]],
    [1.0,  [255, 255, 255]]
  ],
  "interior_color": [0, 0, 0]
}
