{
  "fps": 30,
  "steps": 240,
  "c_radius": 0.75,
  "c_theta_start": 2.94159,
  "c_theta_end": 3.34159,
  "zoom_start": 2.0,
  "zoom_end": 1.4,
  "max_iter": 200,
  "palette": [
    [0.0,  [10,   0,  20]],
    [0.2,  [80,   0, 120]],
    [0.45, [200,  60, 180]],
    [0.65, [255, 140, 200]],
    [0.82, [255, 220, 240]],
    [1.0,  [255, 255, 255]]
  ]
}
