{
  "fps": 30,
  "steps": 240,
  "mode": "zoom",
  "zoom_cx": -0.235125,
  "zoom_cy":  0.827215,
  "zoom_start": 0.3,
  "zoom_end":   0.0005,
  "max_iter": 700,
  "cycle_len": 20.0,
  "palette": [
    [0.0,  [5,    0,  10]],
    [0.12, [40,   0, 100]],
    [0.28, [120,  40, 200]],
    [0.45, [200, 100, 255]],
    [0.65, [255, 180, 255]],
    [0.82, [255, 240, 255]],
    [1.0,  [255, 255, 255]]
  ]
}
