{
  "fps": 30,
  "steps": 240,
  "mode": "zoom",
  "zoom_cx": -1.25066,
  "zoom_cy":  0.02012,
  "zoom_start": 0.3,
  "zoom_end": 0.0008,
  "max_iter": 512,
  "escape_radius": 128.0,
  "cycle_len": 22.0,
  "palette": [
    [0.0,  [0,   0,   0]],
    [0.1,  [10,   0,  40]],
    [0.22, [60,   0, 140]],
    [0.38, [160,  40, 255]],
    [0.55, [220, 120, 255]],
    [0.70, [255, 200, 255]],
    [0.84, [255, 255, 200]],
    [1.0,  [255, 255, 255]]
  ],
  "interior_color": [0, 0, 0]
}
